test,hit_rate_obs,p_value_one_sided,p_value_exact_binomial,reject_50,ci_95,n_iter,mean,ci_low,ci_high
primary_firm_clustered_hit_rate_vs_50,0.5294117647058824,0.328,0.3898839652765371,False,"(0.3952865448504983, 0.6511627906976745)",1000,,,
firm_clustered_hit_rate_ci,,,,,,1000,0.5274665904021512,0.3952865448504983,0.6511627906976745
firm_clustered_mean_return_ci,,,,,,1000,0.0014883010514622228,-0.018301879148059804,0.01525447799520309
quarter_block_hit_rate_ci,,,,,,1000,0.5233201734561828,0.3333333333333333,0.678038225748287
