test,hit_rate_obs,p_value_one_sided,p_value_exact_binomial,reject_50,ci_95,n_iter,mean,ci_low,ci_high
primary_firm_clustered_hit_rate_vs_50,0.5217391304347826,0.408,0.5,False,"(0.34994565217391305, 0.7647058823529411)",1000,,,
firm_clustered_hit_rate_ci,,,,,,1000,0.5318033504555053,0.34994565217391305,0.7647058823529411
firm_clustered_mean_return_ci,,,,,,1000,0.02923295979431655,-0.04101423932878873,0.16285824276800168
quarter_block_hit_rate_ci,,,,,,1000,0.5147970673792782,0.29411764705882354,0.7272727272727273
