{
  "generated_at": "2026-05-05T16:59:53.805331",
  "strategy1_baseline": {
    "n_trades": 51,
    "hit_rate": 0.5294117647058824,
    "mean_net_return_pct": 0.0017966385910595996,
    "median_net_return_pct": 0.008781150159744478,
    "sharpe_quarterly": 0.02075496516041616,
    "max_drawdown_pct": -0.4705887809443635
  },
  "primary_test_H1": {
    "p_value_one_sided": 0.328,
    "reject_50": false,
    "ci_95": [
      0.3952865448504983,
      0.6511627906976745
    ],
    "n_iter": 1000
  },
  "secondary_test_H2": {
    "n_iter": 1000,
    "obs_hit_rate_strategy1": 0.3333333333333333,
    "obs_hit_rate_strategy3": 0.2777777777777778,
    "obs_diff": 0.055555555555555525,
    "threshold_pct": 0.03,
    "p_one_sided_diff_le_threshold": 0.4,
    "reject_null_at_5pct": false,
    "ci_95_diff_low": -0.125,
    "ci_95_diff_high": 0.282051282051282
  },
  "ablation_summary": [
    {
      "variant": "baseline_target",
      "n_cells_total": 180,
      "n_long": 21,
      "n_no_trade": 159,
      "n_error": 4,
      "n_trades": 21,
      "hit_rate": 0.7142857142857143,
      "hit_rate_ci_low": 0.5483137829912023,
      "hit_rate_ci_high": 0.8947368421052632,
      "primary_p_one_sided": 0.012,
      "primary_reject_50": true,
      "mean_net_return_pct": 0.02081792242908898,
      "median_net_return_pct": 0.027152829409335003,
      "sharpe_quarterly": 0.21466498560211522,
      "max_drawdown_pct": -0.24860356325355126
    },
    {
      "variant": "cm_optimistic",
      "n_cells_total": 180,
      "n_long": 21,
      "n_no_trade": 159,
      "n_error": 67,
      "n_trades": 21,
      "hit_rate": 0.7142857142857143,
      "hit_rate_ci_low": 0.4799565217391304,
      "hit_rate_ci_high": 0.9,
      "primary_p_one_sided": 0.015,
      "primary_reject_50": true,
      "mean_net_return_pct": 0.025383127355958438,
      "median_net_return_pct": 0.027152829409335003,
      "sharpe_quarterly": 0.29526984041266946,
      "max_drawdown_pct": -0.1667243047158405
    },
    {
      "variant": "cm_pessimistic",
      "n_cells_total": 93,
      "n_long": 6,
      "n_no_trade": 87,
      "n_error": 63,
      "n_trades": 6,
      "hit_rate": 0.8333333333333334,
      "hit_rate_ci_low": 0.4,
      "hit_rate_ci_high": 1.0,
      "primary_p_one_sided": 0.0,
      "primary_reject_50": true,
      "mean_net_return_pct": 0.04870701329075039,
      "median_net_return_pct": 0.04530321676504437,
      "sharpe_quarterly": 0.5163296959339534,
      "max_drawdown_pct": -0.09289050165520746
    },
    {
      "variant": "alpha0",
      "n_cells_total": 92,
      "n_long": 0,
      "n_no_trade": 92,
      "n_error": 39,
      "n_trades": 0,
      "hit_rate": NaN,
      "hit_rate_ci_low": NaN,
      "hit_rate_ci_high": NaN,
      "primary_p_one_sided": NaN,
      "primary_reject_50": null,
      "mean_net_return_pct": NaN,
      "median_net_return_pct": NaN,
      "sharpe_quarterly": NaN,
      "max_drawdown_pct": NaN
    },
    {
      "variant": "no_satellite",
      "n_cells_total": 91,
      "n_long": 0,
      "n_no_trade": 91,
      "n_error": 38,
      "n_trades": 0,
      "hit_rate": NaN,
      "hit_rate_ci_low": NaN,
      "hit_rate_ci_high": NaN,
      "primary_p_one_sided": NaN,
      "primary_reject_50": null,
      "mean_net_return_pct": NaN,
      "median_net_return_pct": NaN,
      "sharpe_quarterly": NaN,
      "max_drawdown_pct": NaN
    }
  ],
  "revenue_diagnostic_summary": {
    "n_cells": 200,
    "n_cells_with_actual_and_consensus": 199,
    "n_long_trades_with_actual": 51,
    "long_trade_actual_revenue_beat_rate": 0.803921568627451,
    "long_trade_win_rate_when_actual_revenue_beat": 0.5365853658536586,
    "diagnostic_revenue_direction_accuracy_non_neutral": 0.5492957746478874,
    "generated_at": "2026-05-05T16:59:49.475976"
  },
  "signal_confidence_summary": {
    "n_cells": 200,
    "score_mean_all_cells": 42.26,
    "score_mean_long_trades": 60.3921568627451,
    "tier_counts_all_cells": {
      "low": 101,
      "medium": 88,
      "high": 11
    },
    "tier_counts_long_trades": {
      "medium": 41,
      "high": 10
    },
    "long_trade_win_rate_by_tier": {
      "high": {
        "n_trades": 10,
        "win_rate": 0.6
      },
      "medium": {
        "n_trades": 41,
        "win_rate": 0.5121951219512195
      }
    },
    "scope": "diagnostic_only",
    "generated_at": "2026-05-05T16:59:49.487602"
  },
  "wti_veto_summary": {
    "scope": "sensitivity_only",
    "threshold_wti_4w_return_pct": -10.0,
    "baseline_n_trades": 51,
    "baseline_hit_rate": 0.5294117647058824,
    "baseline_total_net_pnl_usd": 6634.261951692131,
    "post_veto_n_trades": 50,
    "post_veto_hit_rate": 0.52,
    "post_veto_mean_net_return_pct": -0.0015474286371192092,
    "post_veto_total_net_pnl_usd": -10265.73804830788,
    "n_vetoed": 1,
    "vetoed_trades": [
      {
        "ticker": "OVV",
        "fiscal_quarter_end": "2020-03-31",
        "entry_date_T": "2020-04-23",
        "wti_4w_return_pct": -16.82513435303845,
        "baseline_net_pnl_usd": 16900.000000000007
      }
    ],
    "post_veto_primary_test_H1": {
      "p_value_one_sided": 0.384,
      "reject_50": false,
      "ci_95": [
        0.3809113300492611,
        0.648172514619883
      ],
      "n_iter": 1000
    },
    "post_veto_firm_clustered_hit_rate_ci": {
      "mean": 0.5192948552228956,
      "ci_low": 0.3809113300492611,
      "ci_high": 0.648172514619883,
      "n_iter": 1000
    },
    "generated_at": "2026-05-05T16:59:53.805331"
  },
  "headline_summary": [
    {
      "n_trades": 51,
      "hit_rate": 0.5294117647058824,
      "mean_net_return_pct": 0.0017966385910595996,
      "median_net_return_pct": 0.008781150159744478,
      "sharpe_quarterly": 0.02075496516041616,
      "max_drawdown_pct": -0.4705887809443635,
      "strategy": 1
    },
    {
      "n_trades": 0,
      "hit_rate": NaN,
      "mean_net_return_pct": NaN,
      "median_net_return_pct": NaN,
      "sharpe_quarterly": NaN,
      "max_drawdown_pct": NaN,
      "strategy": 2
    },
    {
      "n_trades": 18,
      "hit_rate": 0.2777777777777778,
      "mean_net_return_pct": -0.03125458367228068,
      "median_net_return_pct": -0.03442628140283667,
      "sharpe_quarterly": -0.4438682355521238,
      "max_drawdown_pct": -0.4482839689807432,
      "strategy": 3
    },
    {
      "n_trades": 20,
      "hit_rate": 0.3,
      "mean_net_return_pct": -0.015418810112066824,
      "median_net_return_pct": -0.03468376203361623,
      "sharpe_quarterly": -0.22745593553195223,
      "max_drawdown_pct": -0.4089566538663358,
      "strategy": 4
    },
    {
      "n_trades": 10,
      "hit_rate": 0.3,
      "mean_net_return_pct": -0.0014628643045994857,
      "median_net_return_pct": -0.018792057154981723,
      "sharpe_quarterly": -0.027275160009069533,
      "max_drawdown_pct": -0.09751861319669228,
      "strategy": 5
    },
    {
      "n_trades": 40,
      "hit_rate": 0.325,
      "mean_net_return_pct": -0.019865174873440007,
      "median_net_return_pct": -0.03411197115397857,
      "sharpe_quarterly": -0.29459124544042325,
      "max_drawdown_pct": -0.6207905218618027,
      "strategy": 6
    },
    {
      "n_trades": 1,
      "hit_rate": 1.0,
      "mean_net_return_pct": 0.06331490759122657,
      "median_net_return_pct": 0.06331490759122657,
      "sharpe_quarterly": NaN,
      "max_drawdown_pct": NaN,
      "strategy": 7
    },
    {
      "n_trades": 14,
      "hit_rate": 0.2857142857142857,
      "mean_net_return_pct": -0.03130281161588902,
      "median_net_return_pct": -0.04881816438160711,
      "sharpe_quarterly": -0.5107822200765145,
      "max_drawdown_pct": -0.40685149004927185,
      "strategy": 8
    },
    {
      "n_trades": 15,
      "hit_rate": 0.3333333333333333,
      "mean_net_return_pct": -0.029429015703307675,
      "median_net_return_pct": -0.03537953681545509,
      "sharpe_quarterly": -0.4121686351224585,
      "max_drawdown_pct": -0.41707338101307356,