{
  "hit_rate_obs": 0.7142857142857143,
  "p_value_one_sided": 0.013,
  "reject_50": true,
  "ci_95": [
    0.5384615384615384,
    0.8948684210526314
  ],
  "n_iter": 1000
}